,date,eth,ukr,cf_eth,cf_ukr
0,2020-11-01,,,,
1,2020-11-02,,,,
2,2020-11-03,,,,
3,2020-11-04,,,66.0,0.0
4,2020-11-05,,,78.0,0.0
5,2020-11-06,,,83.0,2.0
6,2020-11-07,,,112.0,2.0
7,2020-11-08,,,240.0,2.0
8,2020-11-09,,,412.0,2.0
9,2020-11-10,,,1242.0,2.0
10,2020-11-11,,,1397.0,2.0
11,2020-11-12,,,1407.0,2.0
12,2020-11-13,,,1407.0,2.0
13,2020-11-14,,,1473.0,2.0
14,2020-11-15,,,1760.0,2.0
15,2020-11-16,,,1789.0,2.0
16,2020-11-17,,,1819.0,2.0
17,2020-11-18,,,1819.0,2.0
18,2020-11-19,,,1868.0,2.0
19,2020-11-20,,,1900.0,2.0
20,2020-11-21,,,1922.0,2.0
21,2020-11-22,,,1922.0,2.0
22,2020-11-23,,,1922.0,2.0
23,2020-11-24,,,1923.0,3.0
24,2020-11-25,,,1923.0,3.0
25,2020-11-26,,,1933.0,3.0
26,2020-11-27,,,1933.0,3.0
27,2020-11-28,,,2073.0,3.0
28,2020-11-29,,,2174.0,3.0
29,2020-11-30,,,2338.0,5.0
30,2020-12-01,,,2420.0,7.0
31,2020-12-02,,,2441.0,7.0
32,2020-12-03,,,2441.0,7.0
33,2020-12-04,,,2455.0,9.0
34,2020-12-05,,,,9.0
35,2020-12-06,,,2455.0,9.0
36,2020-12-07,,,2467.0,9.0
37,2020-12-08,,,2477.0,9.0
38,2020-12-09,,,2477.0,9.0
39,2020-12-10,,,2477.0,9.0
40,2020-12-11,,,,9.0
41,2020-12-12,,,2478.0,9.0
42,2020-12-13,,,,9.0
43,2020-12-14,,,2488.0,9.0
44,2020-12-15,,,2519.0,9.0
45,2020-12-16,,,2519.0,9.0
46,2020-12-17,,,2522.0,9.0
47,2020-12-18,,,,11.0
48,2020-12-19,,,2525.0,11.0
49,2020-12-20,,,2528.0,11.0
50,2020-12-21,,,,11.0
51,2020-12-22,,,,11.0
52,2020-12-23,,,2738.0,11.0
53,2020-12-24,,,2780.0,11.0
54,2020-12-25,,,2780.0,11.0
55,2020-12-26,,,2783.0,11.0
56,2020-12-27,,,2822.0,11.0
57,2020-12-28,,,3226.0,11.0
58,2020-12-29,,,3229.0,11.0
59,2020-12-30,,,3229.0,11.0
60,2020-12-31,,,3247.0,11.0
61,2021-01-01,,,3255.0,11.0
62,2021-01-02,,,,11.0
63,2021-01-03,,,,11.0
64,2021-01-04,,,,11.0
65,2021-01-05,,,3286.0,11.0
66,2021-01-06,,,3333.0,11.0
67,2021-01-07,,,3366.0,11.0
68,2021-01-08,,,3375.0,11.0
69,2021-01-09,,,3378.0,11.0
70,2021-01-10,,,3393.0,11.0
71,2021-01-11,,,3407.0,12.0
72,2021-01-12,,,3487.0,12.0
73,2021-01-13,,,3526.0,12.0
74,2021-01-14,,,3531.0,12.0
75,2021-01-15,,,3636.0,12.0
76,2021-01-16,,,,12.0
77,2021-01-17,,,3636.0,12.0
78,2021-01-18,,,3636.0,12.0
79,2021-01-19,,,,12.0
80,2021-01-20,,,3668.0,12.0
81,2021-01-21,,,3668.0,14.0
82,2021-01-22,,,,14.0
83,2021-01-23,,,3668.0,15.0
84,2021-01-24,,,,15.0
85,2021-01-25,,,3668.0,15.0
86,2021-01-26,,,,15.0
87,2021-01-27,,,3675.0,15.0
88,2021-01-28,,,3675.0,15.0
89,2021-01-29,,,3675.0,15.0
90,2021-01-30,,,,15.0
91,2021-01-31,,,,15.0
92,2021-02-01,,,3678.0,15.0
93,2021-02-02,,,,16.0
94,2021-02-03,,,3678.0,16.0
95,2021-02-04,,,,16.0
96,2021-02-05,,,3678.0,16.0
97,2021-02-06,,,3682.0,18.0
98,2021-02-07,,,3684.0,18.0
99,2021-02-08,,,3702.0,18.0
100,2021-02-09,,,3707.0,18.0
101,2021-02-10,,,3709.0,18.0
102,2021-02-11,,,3730.0,20.0
103,2021-02-12,,,3733.0,20.0
104,2021-02-13,,,3734.0,20.0
105,2021-02-14,,,3735.0,23.0
106,2021-02-15,,,3930.0,23.0
107,2021-02-16,,,3933.0,23.0
108,2021-02-17,,,3935.0,23.0
109,2021-02-18,,,3945.0,23.0
110,2021-02-19,,,3946.0,23.0
111,2021-02-20,,,3949.0,23.0
112,2021-02-21,,,3950.0,23.0
113,2021-02-22,,,,24.0
114,2021-02-23,,,4046.0,26.0
115,2021-02-24,,,4052.0,26.0
116,2021-02-25,,,4054.0,26.0
117,2021-02-26,,,4081.0,27.0
118,2021-02-27,,,,27.0
119,2021-02-28,,,,28.0
120,2021-03-01,,,,28.0
121,2021-03-02,,,4084.0,28.0
122,2021-03-03,,,4085.0,28.0
123,2021-03-04,,,,28.0
124,2021-03-05,,,4086.0,31.0
125,2021-03-06,,,4108.0,31.0
126,2021-03-07,,,,31.0
127,2021-03-08,,,4114.0,31.0
128,2021-03-09,,,4134.0,31.0
129,2021-03-10,,,4134.0,32.0
130,2021-03-11,,,4134.0,33.0
131,2021-03-12,,,4135.0,35.0
132,2021-03-13,,,4175.0,35.0
133,2021-03-14,,,4215.0,35.0
134,2021-03-15,,,4229.0,35.0
135,2021-03-16,,,,35.0
136,2021-03-17,,,,36.0
137,2021-03-18,,,4232.0,37.0
138,2021-03-19,,,4311.0,38.0
139,2021-03-20,,,4335.0,39.0
140,2021-03-21,,,4359.0,39.0
141,2021-03-22,,,4384.0,42.0
142,2021-03-23,,,4413.0,42.0
143,2021-03-24,,,4448.0,43.0
144,2021-03-25,,,4461.0,43.0
145,2021-03-26,,,4495.0,47.0
146,2021-03-27,,,,47.0
147,2021-03-28,,,4495.0,47.0
148,2021-03-29,,,4512.0,47.0
149,2021-03-30,,,4545.0,47.0
150,2021-03-31,,,4617.0,47.0
151,2021-04-01,,,4617.0,47.0
152,2021-04-02,,,4638.0,49.0
153,2021-04-03,,,4665.0,50.0
154,2021-04-04,,,4709.0,50.0
155,2021-04-05,,,4749.0,52.0
156,2021-04-06,,,4798.0,55.0
157,2021-04-07,,,4862.0,55.0
158,2021-04-08,,,4882.0,56.0
159,2021-04-09,,,4916.0,56.0
160,2021-04-10,,,4918.0,57.0
161,2021-04-11,,,,57.0
162,2021-04-12,,,4918.0,58.0
163,2021-04-13,,,,59.0
164,2021-04-14,,,4973.0,60.0
165,2021-04-15,,,4980.0,60.0
166,2021-04-16,,,5076.0,60.0
167,2021-04-17,,,5086.0,60.0
168,2021-04-18,,,5088.0,63.0
169,2021-04-19,,,5091.0,63.0
170,2021-04-20,,,5091.0,65.0
171,2021-04-21,,,5114.0,65.0
172,2021-04-22,,,5121.0,66.0
173,2021-04-23,,,5141.0,66.0
174,2021-04-24,,,5141.0,66.0
175,2021-04-25,,,5146.0,66.0
176,2021-04-26,,,5157.0,66.0
177,2021-04-27,,,,67.0
178,2021-04-28,,,5197.0,67.0
179,2021-04-29,,,5197.0,67.0
180,2021-04-30,,,5221.0,67.0
181,2021-05-01,,,,67.0
182,2021-05-02,,,,67.0
183,2021-05-03,,,5221.0,68.0
184,2021-05-04,,,,69.0
185,2021-05-05,,,5223.0,70.0
186,2021-05-06,,,,76.0
187,2021-05-07,,,5226.0,76.0
188,2021-05-08,,,5245.0,77.0
189,2021-05-09,,,5246.0,77.0
190,2021-05-10,,,5246.0,77.0
191,2021-05-11,,,5247.0,82.0
192,2021-05-12,,,5570.0,82.0
193,2021-05-13,,,,83.0
194,2021-05-14,,,,84.0
195,2021-05-15,,,5605.0,84.0
196,2021-05-16,,,,84.0
197,2021-05-17,,,5632.0,86.0
198,2021-05-18,,,5647.0,86.0
199,2021-05-19,,,5653.0,86.0
200,2021-05-20,,,5663.0,87.0
201,2021-05-21,,,5670.0,87.0
202,2021-05-22,,,5677.0,87.0
203,2021-05-23,,,,87.0
204,2021-05-24,,,5677.0,87.0
205,2021-05-25,,,5677.0,87.0
206,2021-05-26,,,,87.0
207,2021-05-27,,,5677.0,88.0
208,2021-05-28,,,5680.0,88.0
209,2021-05-29,,,,88.0
210,2021-05-30,,,5680.0,88.0
211,2021-05-31,,,5680.0,88.0
212,2021-06-01,,,5704.0,88.0
213,2021-06-02,,,5728.0,88.0
214,2021-06-03,,,5753.0,88.0
215,2021-06-04,,,5779.0,88.0
216,2021-06-05,,,,88.0
217,2021-06-06,,,5780.0,88.0
218,2021-06-07,,,5786.0,88.0
219,2021-06-08,,,5787.0,88.0
220,2021-06-09,,,5789.0,88.0
221,2021-06-10,,,5817.0,88.0
222,2021-06-11,,,5817.0,99.0
223,2021-06-12,,,,99.0
224,2021-06-13,,,5817.0,99.0
225,2021-06-14,,,5821.0,99.0
226,2021-06-15,,,,100.0
227,2021-06-16,,,5845.0,101.0
228,2021-06-17,,,5886.0,101.0
229,2021-06-18,,,5934.0,101.0
230,2021-06-19,,,5972.0,101.0
231,2021-06-20,,,5977.0,101.0
232,2021-06-21,,,5982.0,111.0
233,2021-06-22,,,6032.0,111.0
234,2021-06-23,,,6084.0,111.0
235,2021-06-24,,,6089.0,111.0
236,2021-06-25,,,,111.0
237,2021-06-26,,,6092.0,112.0
238,2021-06-27,,,6192.0,112.0
239,2021-06-28,,,6192.0,112.0
240,2021-06-29,,,,112.0
241,2021-06-30,,,6283.0,112.0
242,2021-07-01,,,6293.0,114.0
243,2021-07-02,,,,114.0
244,2021-07-03,,,6299.0,114.0
245,2021-07-04,,,,115.0
246,2021-07-05,,,,116.0
247,2021-07-06,,,,116.0
248,2021-07-07,,,,116.0
249,2021-07-08,,,6299.0,117.0
250,2021-07-09,,,6300.0,118.0
251,2021-07-10,,,6325.0,118.0
252,2021-07-11,,,6328.0,118.0
253,2021-07-12,,,6349.0,118.0
254,2021-07-13,,,6376.0,119.0
255,2021-07-14,,,6380.0,119.0
256,2021-07-15,,,6390.0,119.0
257,2021-07-16,,,6395.0,119.0
258,2021-07-17,,,6429.0,119.0
259,2021-07-18,,,6462.0,119.0
260,2021-07-19,,,6496.0,119.0
261,2021-07-20,,,6496.0,119.0
262,2021-07-21,,,6577.0,119.0
263,2021-07-22,,,6611.0,119.0
264,2021-07-23,,,6627.0,119.0
265,2021-07-24,,,6931.0,119.0
266,2021-07-25,,,6931.0,119.0
267,2021-07-26,,,6931.0,119.0
268,2021-07-27,,,6931.0,119.0
269,2021-07-28,,,7046.0,119.0
270,2021-07-29,,,7056.0,119.0
271,2021-07-30,,,7056.0,119.0
272,2021-07-31,,,7056.0,119.0
273,2021-08-01,,,7057.0,119.0
274,2021-08-02,,,7114.0,119.0
275,2021-08-03,,,7164.0,119.0
276,2021-08-04,,,7195.0,119.0
277,2021-08-05,,,7305.0,119.0
278,2021-08-06,,,7317.0,119.0
279,2021-08-07,,,7317.0,120.0
280,2021-08-08,,,7317.0,120.0
281,2021-08-09,,,7369.0,120.0
282,2021-08-10,,,7429.0,121.0
283,2021-08-11,,,7535.0,122.0
284,2021-08-12,,,7577.0,122.0
285,2021-08-13,,,7661.0,122.0
286,2021-08-14,,,7851.0,122.0
287,2021-08-15,,,7864.0,122.0
288,2021-08-16,,,7989.0,123.0
289,2021-08-17,,,8036.0,124.0
290,2021-08-18,,,8335.0,124.0
291,2021-08-19,,,8491.0,125.0
292,2021-08-20,,,8557.0,125.0
293,2021-08-21,,,8577.0,125.0
294,2021-08-22,,,8599.0,126.0
295,2021-08-23,,,8622.0,127.0
296,2021-08-24,,,8622.0,128.0
297,2021-08-25,,,8623.0,128.0
298,2021-08-26,,,8657.0,128.0
299,2021-08-27,,,8739.0,129.0
300,2021-08-28,,,8749.0,130.0
301,2021-08-29,,,8760.0,130.0
302,2021-08-30,,,8802.0,131.0
303,2021-08-31,,,8911.0,131.0
304,2021-09-01,,,9053.0,131.0
305,2021-09-02,,,9156.0,131.0
306,2021-09-03,,,9236.0,131.0
307,2021-09-04,,,9350.0,131.0
308,2021-09-05,,,9419.0,131.0
309,2021-09-06,,,9452.0,131.0
310,2021-09-07,,,9536.0,131.0
311,2021-09-08,,,9566.0,131.0
312,2021-09-09,,,9632.0,131.0
313,2021-09-10,,,9644.0,131.0
314,2021-09-11,,,9654.0,133.0
315,2021-09-12,,,9657.0,134.0
316,2021-09-13,,,9705.0,135.0
317,2021-09-14,,,9705.0,135.0
318,2021-09-15,,,9730.0,135.0
319,2021-09-16,,,9755.0,135.0
320,2021-09-17,,,9761.0,135.0
321,2021-09-18,,,9767.0,135.0
322,2021-09-19,,,,135.0
323,2021-09-20,,,9772.0,135.0
324,2021-09-21,,,9772.0,135.0
325,2021-09-22,,,9845.0,135.0
326,2021-09-23,,,9852.0,135.0
327,2021-09-24,,,9867.0,136.0
328,2021-09-25,,,,136.0
329,2021-09-26,,,9867.0,138.0
330,2021-09-27,,,9869.0,138.0
331,2021-09-28,,,9880.0,139.0
332,2021-09-29,,,9881.0,139.0
333,2021-09-30,,,,140.0
334,2021-10-01,,,9883.0,140.0
335,2021-10-02,,,9883.0,140.0
336,2021-10-03,,,,140.0
337,2021-10-04,,,9883.0,140.0
338,2021-10-05,,,,140.0
339,2021-10-06,,,9895.0,140.0
340,2021-10-07,,,9899.0,140.0
341,2021-10-08,,,9899.0,140.0
342,2021-10-09,,,9899.0,140.0
343,2021-10-10,,,9914.0,140.0
344,2021-10-11,,,9927.0,140.0
345,2021-10-12,,,9933.0,140.0
346,2021-10-13,,,9955.0,140.0
347,2021-10-14,,,,140.0
348,2021-10-15,,,9955.0,140.0
349,2021-10-16,,,9957.0,140.0
350,2021-10-17,,,9971.0,140.0
351,2021-10-18,,,10037.0,141.0
352,2021-10-19,,,10043.0,141.0
353,2021-10-20,,,10103.0,141.0
354,2021-10-21,,,10113.0,141.0
355,2021-10-22,,,10113.0,141.0
356,2021-10-23,,,10118.0,141.0
357,2021-10-24,,,10118.0,141.0
358,2021-10-25,,,10131.0,141.0
359,2021-10-26,,,10141.0,142.0
360,2021-10-27,,,10143.0,144.0
361,2021-10-28,,,10173.0,144.0
362,2021-10-29,,,10183.0,144.0
363,2021-10-30,,,10224.0,144.0
364,2021-10-31,,,10260.0,144.0
365,2021-11-01,,,10267.0,144.0
366,2021-11-02,,,10293.0,145.0
367,2021-11-03,,,10303.0,145.0
368,2021-11-04,,,10342.0,146.0
369,2021-11-05,,,10346.0,146.0
370,2021-11-06,,,10382.0,146.0
371,2021-11-07,,,10392.0,147.0
372,2021-11-08,,,10419.0,148.0
373,2021-11-09,,,10442.0,148.0
374,2021-11-10,,,10497.0,148.0
375,2021-11-11,,,10497.0,149.0
376,2021-11-12,,,10497.0,153.0
377,2021-11-13,,,10497.0,153.0
378,2021-11-14,,,10506.0,153.0
379,2021-11-15,,,10598.0,153.0
380,2021-11-16,,,10611.0,153.0
381,2021-11-17,,,10637.0,153.0
382,2021-11-18,,,10709.0,153.0
383,2021-11-19,,,10750.0,154.0
384,2021-11-20,,,10750.0,154.0
385,2021-11-21,,,10772.0,154.0
386,2021-11-22,,,10815.0,154.0
387,2021-11-23,,,10844.0,154.0
388,2021-11-24,,,10880.0,154.0
389,2021-11-25,,,10930.0,154.0
390,2021-11-26,,,10935.0,155.0
391,2021-11-27,,,10960.0,155.0
392,2021-11-28,,,11015.0,156.0
393,2021-11-29,,,11076.0,156.0
394,2021-11-30,,,11094.0,156.0
395,2021-12-01,,,11196.0,157.0
396,2021-12-02,,,11260.0,157.0
397,2021-12-03,,,11276.0,157.0
398,2021-12-04,,,11346.0,157.0
399,2021-12-05,,,11356.0,157.0
400,2021-12-06,,,11371.0,157.0
401,2021-12-07,,,11379.0,157.0
402,2021-12-08,,,11391.0,157.0
403,2021-12-09,,,11413.0,157.0
404,2021-12-10,,,11435.0,158.0
405,2021-12-11,,,11449.0,158.0
406,2021-12-12,,,11456.0,158.0
407,2021-12-13,,,11476.0,158.0
408,2021-12-14,,,11476.0,158.0
409,2021-12-15,,,11589.0,158.0
410,2021-12-16,,,11589.0,158.0
411,2021-12-17,,,11602.0,158.0
412,2021-12-18,,,11625.0,159.0
413,2021-12-19,,,11705.0,159.0
414,2021-12-20,,,11813.0,159.0
415,2021-12-21,,,11891.0,159.0
416,2021-12-22,,,11962.0,159.0
417,2021-12-23,,,12058.0,159.0
418,2021-12-24,,,12086.0,159.0
419,2021-12-25,,,12124.0,159.0
420,2021-12-26,,,,159.0
421,2021-12-27,,,12151.0,159.0
422,2021-12-28,,,12151.0,159.0
423,2021-12-29,,,12156.0,159.0
424,2021-12-30,,,12182.0,159.0
425,2021-12-31,,,12205.0,160.0
426,2022-01-01,,,12215.0,160.0
427,2022-01-02,,,12216.0,160.0
428,2022-01-03,,,12229.0,160.0
429,2022-01-04,,,12229.0,160.0
430,2022-01-05,,,12255.0,160.0
431,2022-01-06,,,,160.0
432,2022-01-07,,,12311.0,160.0
433,2022-01-08,,,12345.0,160.0
434,2022-01-09,,,12345.0,160.0
435,2022-01-10,,,12362.0,164.0
436,2022-01-11,,,12382.0,165.0
437,2022-01-12,,,12417.0,165.0
438,2022-01-13,,,12418.0,165.0
439,2022-01-14,,,12436.0,166.0
440,2022-01-15,,,12465.0,166.0
441,2022-01-16,,,12483.0,166.0
442,2022-01-17,,,12505.0,166.0
443,2022-01-18,,,12505.0,166.0
444,2022-01-19,,,12509.0,166.0
445,2022-01-20,,,12520.0,166.0
446,2022-01-21,,,12537.0,166.0
447,2022-01-22,,,,166.0
448,2022-01-23,,,12540.0,166.0
449,2022-01-24,,,12555.0,166.0
450,2022-01-25,,,12571.0,166.0
451,2022-01-26,,,12594.0,166.0
452,2022-01-27,,,12599.0,167.0
453,2022-01-28,,,12607.0,167.0
454,2022-01-29,,,12607.0,167.0
455,2022-01-30,,,12607.0,167.0
456,2022-01-31,,,12615.0,167.0
457,2022-02-01,,,12640.0,167.0
458,2022-02-02,,,12689.0,167.0
459,2022-02-03,,,12694.0,167.0
460,2022-02-04,,,12697.0,167.0
461,2022-02-05,,,12703.0,167.0
462,2022-02-06,,,,168.0
463,2022-02-07,,,12722.0,168.0
464,2022-02-08,,,12722.0,168.0
465,2022-02-09,,,12835.0,168.0
466,2022-02-10,,,12836.0,168.0
467,2022-02-11,,,12839.0,168.0
468,2022-02-12,,,12862.0,168.0
469,2022-02-13,,,,168.0
470,2022-02-14,,,12866.0,168.0
471,2022-02-15,,,12874.0,169.0
472,2022-02-16,,,12893.0,169.0
473,2022-02-17,,,,169.0
474,2022-02-18,,,12893.0,169.0
475,2022-02-19,,,12918.0,171.0
476,2022-02-20,,,12921.0,173.0
477,2022-02-21,,,12924.0,178.0
478,2022-02-22,,,,186.0
479,2022-02-23,,,12934.0,190.0
480,2022-02-24,,,,293.0
481,2022-02-25,,,,382.0
482,2022-02-26,,,,496.0
483,2022-02-27,,,,574.0
484,2022-02-28,,,12941.0,702.0
485,2022-03-01,,,12946.0,834.0
486,2022-03-02,,,12981.0,1105.0
487,2022-03-03,,,13022.0,1295.0
488,2022-03-04,,,13028.0,1373.0
489,2022-03-05,,,13029.0,1498.0
490,2022-03-06,,,13041.0,1605.0
491,2022-03-07,,,13053.0,1744.0
492,2022-03-08,,,13073.0,1918.0
493,2022-03-09,,,13110.0,2005.0
494,2022-03-10,,,13120.0,2066.0
495,2022-03-11,,,13127.0,2173.0
496,2022-03-12,,,13133.0,2223.0
497,2022-03-13,,,13136.0,2360.0
498,2022-03-14,,,13136.0,2602.0
499,2022-03-15,,,13137.0,3410.0
500,2022-03-16,,,13167.0,3775.0
501,2022-03-17,,,13202.0,3851.0
502,2022-03-18,,,,3996.0
503,2022-03-19,,,13211.0,4094.0
504,2022-03-20,,,13221.0,4143.0
505,2022-03-21,,,13222.0,4515.0
506,2022-03-22,,,13227.0,4564.0
507,2022-03-23,,,13238.0,4601.0
508,2022-03-24,,,13238.0,4750.0
509,2022-03-25,,,13238.0,4939.0
510,2022-03-26,,,13242.0,4976.0
511,2022-03-27,,,13252.0,4997.0
512,2022-03-28,,,13252.0,5033.0
513,2022-03-29,,,13281.0,5077.0
514,2022-03-30,,,13284.0,5086.0
515,2022-03-31,,,13288.0,5289.0
516,2022-04-01,,,13291.0,5370.0
517,2022-04-02,,,13299.0,5372.0
518,2022-04-03,,,13308.0,5465.0
519,2022-04-04,,,13311.0,5513.0
520,2022-04-05,,,13318.0,5549.0
521,2022-04-06,,,13372.0,5562.0
522,2022-04-07,,,13400.0,5625.0
523,2022-04-08,,,13400.0,5714.0
524,2022-04-09,,,13413.0,5726.0
525,2022-04-10,,,13435.0,5848.0
526,2022-04-11,,,13448.0,5885.0
527,2022-04-12,,,13454.0,5984.0
528,2022-04-13,,,13460.0,6025.0
529,2022-04-14,,,13465.0,6092.0
530,2022-04-15,,,13465.0,6170.0
531,2022-04-16,,,13491.0,6203.0
532,2022-04-17,,,13506.0,6223.0
533,2022-04-18,,,13516.0,6287.0
534,2022-04-19,,,13524.0,6307.0
535,2022-04-20,,,13536.0,6332.0
536,2022-04-21,,,13559.0,6650.0
537,2022-04-22,,,13588.0,6749.0
538,2022-04-23,,,13596.0,6777.0
539,2022-04-24,,,13596.0,6892.0
540,2022-04-25,,,,6949.0
541,2022-04-26,,,13619.0,7030.0
542,2022-04-27,,,13653.0,7038.0
543,2022-04-28,,,13667.0,7123.0
544,2022-04-29,,,13689.0,7143.0
545,2022-04-30,,,13690.0,7190.0
546,2022-05-01,,,13692.0,7327.0
547,2022-05-02,,,13707.0,7337.0
548,2022-05-03,,,13718.0,7389.0
549,2022-05-04,,,13747.0,7401.0
550,2022-05-05,,,13750.0,7469.0
551,2022-05-06,,,13750.0,7516.0
552,2022-05-07,,,,7626.0
553,2022-05-08,,,13753.0,7639.0
554,2022-05-09,,,13756.0,7654.0
555,2022-05-10,,,13774.0,7753.0
556,2022-05-11,,,13794.0,8245.0
557,2022-05-12,,,13794.0,8307.0
558,2022-05-13,,,13798.0,8636.0
559,2022-05-14,,,13802.0,8647.0
560,2022-05-15,,,13803.0,8875.0
561,2022-05-16,,,13804.0,8924.0
562,2022-05-17,,,13821.0,9036.0
563,2022-05-18,,,13867.0,9054.0
564,2022-05-19,,,13903.0,9204.0
565,2022-05-20,,,13927.0,9253.0
566,2022-05-21,,,14010.0,9262.0
567,2022-05-22,,,14011.0,9314.0
568,2022-05-23,,,14013.0,9324.0
569,2022-05-24,,,14133.0,9371.0
570,2022-05-25,,,14133.0,9387.0
571,2022-05-26,,,14137.0,9485.0
572,2022-05-27,,,14137.0,9533.0
573,2022-05-28,,,14138.0,9625.0
574,2022-05-29,,,14138.0,9740.0
575,2022-05-30,,,14143.0,9785.0
576,2022-05-31,,,14146.0,9800.0
577,2022-06-01,,,14171.0,9855.0
578,2022-06-02,,,14179.0,9973.0
579,2022-06-03,,,14180.0,9982.0
580,2022-06-04,,,14191.0,10049.0
581,2022-06-05,,,,10143.0
582,2022-06-06,,,14233.0,10251.0
583,2022-06-07,,,14279.0,10356.0
584,2022-06-08,,,14290.0,10367.0
585,2022-06-09,,,14290.0,10508.0
586,2022-06-10,,,14299.0,10517.0
587,2022-06-11,,,14324.0,10555.0
588,2022-06-12,,,14341.0,10572.0
589,2022-06-13,,,,10585.0
590,2022-06-14,,,14412.0,10666.0
591,2022-06-15,,,14562.0,10680.0
592,2022-06-16,,,14583.0,10778.0
593,2022-06-17,,,14589.0,10779.0
594,2022-06-18,,,15032.0,10819.0
595,2022-06-19,,,15037.0,10826.0
596,2022-06-20,,,15045.0,10845.0
597,2022-06-21,,,15050.0,10875.0
598,2022-06-22,,,15081.0,10893.0
599,2022-06-23,,,15098.0,11020.0
600,2022-06-24,,,15112.0,11022.0
601,2022-06-25,,,15121.0,11060.0
602,2022-06-26,,,15168.0,11079.0
603,2022-06-27,,,15180.0,11124.0
604,2022-06-28,,,15192.0,11157.0
605,2022-06-29,,,15213.0,11167.0
606,2022-06-30,,,15277.0,11216.0
607,2022-07-01,,,15293.0,11245.0
608,2022-07-02,,,15298.0,11257.0
609,2022-07-03,,,15303.0,11289.0
610,2022-07-04,,,15458.0,11303.0
611,2022-07-05,,,15466.0,11313.0
612,2022-07-06,,,15493.0,11320.0
613,2022-07-07,,,15498.0,11353.0
614,2022-07-08,,,15503.0,11355.0
615,2022-07-09,,,15512.0,11525.0
616,2022-07-10,,,15543.0,11564.0
617,2022-07-11,,,15564.0,11696.0
618,2022-07-12,,,15592.0,11717.0
619,2022-07-13,,,15739.0,11792.0
620,2022-07-14,,,15746.0,12016.0
621,2022-07-15,,,,12029.0
622,2022-07-16,,,15751.0,12046.0
623,2022-07-17,,,15752.0,12114.0
624,2022-07-18,,,15753.0,12230.0
625,2022-07-19,,,15767.0,12281.0
626,2022-07-20,,,15819.0,12335.0
627,2022-07-21,,,15861.0,12471.0
628,2022-07-22,,,15906.0,12471.0
629,2022-07-23,,,15994.0,12542.0
630,2022-07-24,,,16041.0,12616.0
631,2022-07-25,,,16174.0,12647.0
632,2022-07-26,,,16229.0,12648.0
633,2022-07-27,,,16282.0,12803.0
634,2022-07-28,,,16336.0,12972.0
635,2022-07-29,,,16384.0,13033.0
636,2022-07-30,,,16389.0,13121.0
637,2022-07-31,,,16390.0,13156.0
638,2022-08-01,,,,13162.0
639,2022-08-02,,,16408.0,13164.0
640,2022-08-03,,,16437.0,13359.0
641,2022-08-04,,,,13526.0
642,2022-08-05,,,16442.0,13527.0
643,2022-08-06,,,16463.0,13532.0
644,2022-08-07,,,16474.0,13569.0
645,2022-08-08,,,16487.0,13765.0
646,2022-08-09,,,16510.0,13768.0
647,2022-08-10,,,16589.0,13941.0
648,2022-08-11,,,16596.0,13945.0
649,2022-08-12,,,16596.0,13956.0
650,2022-08-13,,,,13980.0
651,2022-08-14,,,16604.0,13989.0
652,2022-08-15,,,16604.0,14049.0
653,2022-08-16,,,,14102.0
654,2022-08-17,,,16657.0,14218.0
655,2022-08-18,,,16657.0,14379.0
656,2022-08-19,,,,14383.0
657,2022-08-20,,,16661.0,14400.0
658,2022-08-21,,,16711.0,14402.0
659,2022-08-22,,,16711.0,14404.0
660,2022-08-23,,,16714.0,14414.0
661,2022-08-24,,,16721.0,14558.0
662,2022-08-25,,,16734.0,14821.0
663,2022-08-26,,,16760.0,15024.0
664,2022-08-27,,,16770.0,15072.0
665,2022-08-28,,,16785.0,15077.0
666,2022-08-29,,,16818.0,15083.0
667,2022-08-30,,,16852.0,15092.0
668,2022-08-31,,,16943.0,15458.0
669,2022-09-01,,,16959.0,15634.0
670,2022-09-02,,,16964.0,15635.0
671,2022-09-03,,,16977.0,15645.0
672,2022-09-04,,,16987.0,15647.0
673,2022-09-05,,,17028.0,16081.0
674,2022-09-06,,,,16155.0
675,2022-09-07,,,17047.0,16329.0
676,2022-09-08,,,17050.0,16480.0
677,2022-09-09,,,17092.0,16483.0
678,2022-09-10,,,17107.0,16740.0
679,2022-09-11,,,17108.0,16743.0
680,2022-09-12,,,17113.0,16759.0
681,2022-09-13,,,17139.0,16766.0
682,2022-09-14,,,17171.0,16860.0
683,2022-09-15,,,17241.0,17009.0
684,2022-09-16,,,17241.0,17052.0
685,2022-09-17,,,17268.0,17135.0
686,2022-09-18,,,17389.0,17351.0
687,2022-09-19,,,17400.0,17432.0
688,2022-09-20,,,17401.0,17438.0
689,2022-09-21,,,17511.0,17526.0
690,2022-09-22,,,17533.0,17619.0
691,2022-09-23,,,17571.0,17624.0
692,2022-09-24,,,17588.0,17629.0
693,2022-09-25,,,17631.0,17681.0
694,2022-09-26,,,17651.0,17765.0
695,2022-09-27,,,17656.0,17987.0
696,2022-09-28,,,17682.0,18071.0
697,2022-09-29,,,17686.0,18269.0
698,2022-09-30,,,17699.0,18315.0
699,2022-10-01,,,17720.0,18326.0
700,2022-10-02,,,17732.0,18333.0
701,2022-10-03,,,17737.0,18334.0
702,2022-10-04,,,17787.0,18338.0
703,2022-10-05,,,17790.0,18488.0
704,2022-10-06,,,17798.0,18533.0
705,2022-10-07,,,17805.0,18558.0
706,2022-10-08,,,17806.0,18654.0
707,2022-10-09,,,17811.0,18673.0
708,2022-10-10,,,17853.0,18694.0
709,2022-10-11,,,17860.0,18704.0
710,2022-10-12,,,17883.0,18943.0
711,2022-10-13,,,17889.0,19019.0
712,2022-10-14,,,17892.0,19188.0
713,2022-10-15,,,17919.0,19291.0
714,2022-10-16,,,17922.0,19295.0
715,2022-10-17,,,17933.0,19314.0
716,2022-10-18,,,17933.0,19317.0
717,2022-10-19,,,17971.0,19420.0
718,2022-10-20,,,17972.0,19652.0
719,2022-10-21,,,17987.0,19654.0
720,2022-10-22,,,18010.0,19713.0
721,2022-10-23,,,18051.0,19718.0
722,2022-10-24,,,18083.0,19785.0
723,2022-10-25,,,18085.0,19828.0
724,2022-10-26,,,18088.0,19925.0
725,2022-10-27,,,18089.0,20097.0
726,2022-10-28,,,18090.0,20098.0
727,2022-10-29,,,18091.0,20126.0
728,2022-10-30,,,18095.0,20126.0
729,2022-10-31,,,18099.0,20135.0
730,2022-11-01,,,18102.0,20143.0
731,2022-11-02,,,18152.0,20260.0
732,2022-11-03,,,18152.0,20444.0
733,2022-11-04,,,18152.0,20447.0
734,2022-11-05,,,,
735,2022-11-06,,,,
736,2022-11-07,,,,
737,2022-11-08,,,,
738,2022-11-09,,,,
739,2022-11-10,,,,
740,2022-11-11,,,,
741,2022-11-12,,,,
742,2022-11-13,,,,
743,2022-11-14,,,,
744,2022-11-15,,,,
745,2022-11-16,,,,
746,2022-11-17,,,,
747,2022-11-18,,,,
748,2022-11-19,,,,
749,2022-11-20,,,,
